index,sending_time,recv_time,inference_time
0,1743766512.0182776,1743766512.0576406,0.03936290740966797
1,1743766512.0576937,1743766512.0704966,0.012802839279174805
2,1743766512.0705273,1743766512.083039,0.012511730194091797
3,1743766512.0830674,1743766512.095269,0.012201547622680664
4,1743766512.0953057,1743766512.1075633,0.012257575988769531
5,1743766512.1075928,1743766512.1199503,0.012357473373413086
6,1743766512.1199777,1743766512.132231,0.012253284454345703
7,1743766512.1322668,1743766512.144597,0.012330293655395508
8,1743766512.1446311,1743766512.1572483,0.012617111206054688
9,1743766512.1572819,1743766512.1699188,0.012636899948120117
10,1743766512.1699512,1743766512.1823816,0.012430429458618164
11,1743766512.1824176,1743766512.1952505,0.012832880020141602
12,1743766512.1953242,1743766512.2086108,0.013286590576171875
13,1743766512.2087083,1743766512.2220387,0.013330459594726562
14,1743766512.2221203,1743766512.2354043,0.013283967971801758
15,1743766512.2355058,1743766512.2484374,0.012931585311889648
16,1743766512.2485077,1743766512.2612123,0.012704610824584961
17,1743766512.261299,1743766512.2742546,0.012955665588378906
18,1743766512.2743604,1743766512.287626,0.013265609741210938
19,1743766512.2877166,1743766512.300784,0.013067483901977539
20,1743766512.3008742,1743766512.3139007,0.01302647590637207
21,1743766512.313998,1743766512.3270295,0.013031482696533203
22,1743766512.3271239,1743766512.3404064,0.013282537460327148
23,1743766512.3405123,1743766512.3538792,0.013366937637329102
24,1743766512.3539774,1743766512.3664436,0.012466192245483398
25,1743766512.3664825,1743766512.3787608,0.012278318405151367
26,1743766512.3787966,1743766512.3909893,0.012192726135253906
27,1743766512.391018,1743766512.4034493,0.01243138313293457
28,1743766512.4034922,1743766512.415981,0.012488842010498047
29,1743766512.4160109,1743766512.4283504,0.012339591979980469
30,1743766512.42838,1743766512.440667,0.012286901473999023
31,1743766512.440695,1743766512.4529672,0.012272119522094727
32,1743766512.452994,1743766512.465152,0.012157917022705078
33,1743766512.4651802,1743766512.4775138,0.01233363151550293
34,1743766512.4775398,1743766512.4898067,0.012266874313354492
35,1743766512.4898314,1743766512.5019474,0.012115955352783203
36,1743766512.501979,1743766512.5141802,0.012201070785522461
37,1743766512.5142078,1743766512.526395,0.01218724250793457
38,1743766512.5264263,1743766512.5386927,0.012266397476196289
39,1743766512.538724,1743766512.5509496,0.012225627899169922
40,1743766512.5509813,1743766512.5634122,0.012430906295776367
41,1743766512.5635026,1743766512.5766284,0.013125896453857422
42,1743766512.5767186,1743766512.5897214,0.013002872467041016
43,1743766512.5898173,1743766512.6028717,0.013054370880126953
44,1743766512.602964,1743766512.615909,0.012945175170898438
45,1743766512.6159756,1743766512.6283472,0.012371540069580078
46,1743766512.628393,1743766512.640572,0.012179136276245117
47,1743766512.6406083,1743766512.6529033,0.012295007705688477
48,1743766512.6529474,1743766512.665366,0.012418508529663086
49,1743766512.6654036,1743766512.6778574,0.012453794479370117
50,1743766512.6778932,1743766512.69019,0.012296915054321289
51,1743766512.6902244,1743766512.7025023,0.012277841567993164
52,1743766512.7025352,1743766512.7147574,0.0122222900390625
53,1743766512.7147877,1743766512.7270725,0.01228475570678711
54,1743766512.7271018,1743766512.7392762,0.012174367904663086
55,1743766512.7393074,1743766512.7515028,0.012195348739624023
56,1743766512.751532,1743766512.7636304,0.012098312377929688
57,1743766512.763663,1743766512.775882,0.012218952178955078
58,1743766512.775912,1743766512.7882278,0.012315750122070312
59,1743766512.788259,1743766512.800464,0.012204885482788086
60,1743766512.8004942,1743766512.8126948,0.012200593948364258
61,1743766512.8127246,1743766512.824938,0.012213468551635742
62,1743766512.824971,1743766512.837509,0.012537956237792969
63,1743766512.837599,1743766512.8507776,0.013178586959838867
64,1743766512.8508651,1743766512.8637478,0.012882709503173828
65,1743766512.8638387,1743766512.8767045,0.012865781784057617
66,1743766512.8767915,1743766512.8898041,0.01301264762878418
67,1743766512.8898933,1743766512.9028087,0.012915372848510742
68,1743766512.9029,1743766512.9160395,0.013139486312866211
69,1743766512.9161325,1743766512.9290817,0.012949228286743164
70,1743766512.929172,1743766512.9421973,0.013025283813476562
71,1743766512.9422855,1743766512.9553552,0.013069629669189453
72,1743766512.9554467,1743766512.9684772,0.013030529022216797
73,1743766512.9685652,1743766512.981747,0.013181686401367188
74,1743766512.9818344,1743766512.9947984,0.012964010238647461
75,1743766512.9948835,1743766513.0079606,0.013077020645141602
76,1743766513.0080724,1743766513.021071,0.012998580932617188
77,1743766513.0211658,1743766513.0340946,0.01292872428894043
78,1743766513.0341954,1743766513.0472233,0.01302790641784668
79,1743766513.0473442,1743766513.0620565,0.014712333679199219
80,1743766513.062158,1743766513.0755856,0.013427495956420898
81,1743766513.0756783,1743766513.0889668,0.013288497924804688
82,1743766513.0890565,1743766513.1019988,0.012942314147949219
83,1743766513.1021028,1743766513.1152055,0.01310276985168457
84,1743766513.1152956,1743766513.1282072,0.012911558151245117
85,1743766513.1282964,1743766513.141269,0.012972593307495117
86,1743766513.1413589,1743766513.1544573,0.013098478317260742
87,1743766513.1545475,1743766513.167767,0.013219594955444336
88,1743766513.1678586,1743766513.1810086,0.01314997673034668
89,1743766513.1810977,1743766513.1943285,0.01323080062866211
90,1743766513.194422,1743766513.2074656,0.013043642044067383
91,1743766513.2075567,1743766513.2206626,0.01310586929321289
92,1743766513.220753,1743766513.233777,0.013024091720581055
93,1743766513.2338696,1743766513.2470329,0.013163328170776367
94,1743766513.247121,1743766513.2600102,0.01288914680480957
95,1743766513.2600982,1743766513.2729626,0.012864351272583008
96,1743766513.2730496,1743766513.2859108,0.012861251831054688
97,1743766513.2859988,1743766513.2989728,0.012974023818969727
98,1743766513.29906,1743766513.3122725,0.013212442398071289
99,1743766513.312386,1743766513.3254693,0.013083219528198242
100,1743766513.3255596,1743766513.338665,0.013105392456054688
101,1743766513.338757,1743766513.3517835,0.01302647590637207
102,1743766513.3518746,1743766513.364544,0.01266932487487793
103,1743766513.364574,1743766513.3769286,0.012354612350463867
104,1743766513.3769567,1743766513.3893158,0.012359142303466797
105,1743766513.3893416,1743766513.4015326,0.012191057205200195
106,1743766513.4015634,1743766513.413698,0.012134552001953125
107,1743766513.4137208,1743766513.4258797,0.012158870697021484
108,1743766513.4259052,1743766513.4381986,0.012293338775634766
109,1743766513.4382236,1743766513.450376,0.012152433395385742
110,1743766513.4504004,1743766513.462507,0.012106657028198242
111,1743766513.4625304,1743766513.4755116,0.012981176376342773
112,1743766513.4755986,1743766513.4885705,0.012971878051757812
113,1743766513.4886544,1743766513.5019734,0.013319015502929688
114,1743766513.502069,1743766513.5151427,0.01307368278503418
115,1743766513.5152376,1743766513.528294,0.013056516647338867
116,1743766513.5283914,1743766513.5413783,0.012986898422241211
117,1743766513.5414758,1743766513.554327,0.012851238250732422
118,1743766513.55441,1743766513.5671427,0.012732744216918945
119,1743766513.5672028,1743766513.5798316,0.012628793716430664
120,1743766513.5799043,1743766513.5923223,0.012418031692504883
121,1743766513.592383,1743766513.6049914,0.012608528137207031
122,1743766513.6050673,1743766513.6176136,0.012546300888061523
123,1743766513.6176982,1743766513.6302352,0.012537002563476562
124,1743766513.6302822,1743766513.6425517,0.01226949691772461
125,1743766513.6425881,1743766513.6548843,0.012296199798583984
126,1743766513.6549168,1743766513.667041,0.012124300003051758
127,1743766513.6670702,1743766513.6792192,0.01214909553527832
128,1743766513.6792526,1743766513.6915264,0.012273788452148438
129,1743766513.691558,1743766513.70381,0.012252092361450195
130,1743766513.7038462,1743766513.7160583,0.012212038040161133
131,1743766513.716092,1743766513.7282796,0.012187480926513672
132,1743766513.728311,1743766513.740495,0.012183904647827148
133,1743766513.7405343,1743766513.7529237,0.012389421463012695
134,1743766513.752959,1743766513.765295,0.012336015701293945
135,1743766513.7653303,1743766513.7776172,0.012286901473999023
136,1743766513.7776535,1743766513.7900517,0.012398242950439453
137,1743766513.790095,1743766513.802314,0.012218952178955078
138,1743766513.80235,1743766513.814734,0.01238393783569336
139,1743766513.8147686,1743766513.827087,0.01231837272644043
140,1743766513.8271346,1743766513.8395987,0.012464046478271484
141,1743766513.8396482,1743766513.8521304,0.012482166290283203
142,1743766513.8521771,1743766513.8648996,0.012722492218017578
143,1743766513.8649614,1743766513.8777218,0.012760400772094727
144,1743766513.8777833,1743766513.890259,0.012475728988647461
145,1743766513.8903189,1743766513.903035,0.012716054916381836
146,1743766513.9030986,1743766513.9157417,0.012643098831176758
147,1743766513.915832,1743766513.9285457,0.01271367073059082
148,1743766513.9286377,1743766513.9416044,0.012966632843017578
149,1743766513.9417145,1743766513.9554775,0.013762950897216797
150,1743766513.9555545,1743766513.9687781,0.013223648071289062
151,1743766513.9688487,1743766513.9817364,0.012887716293334961
152,1743766513.9818,1743766513.9951682,0.01336812973022461
153,1743766513.9952357,1743766514.0082624,0.013026714324951172
154,1743766514.008347,1743766514.0209277,0.012580633163452148
155,1743766514.020969,1743766514.0335474,0.012578487396240234
156,1743766514.0336444,1743766514.046695,0.013050556182861328
157,1743766514.0467823,1743766514.0595207,0.012738466262817383
158,1743766514.0595806,1743766514.073081,0.013500452041625977
159,1743766514.0731237,1743766514.0860698,0.012946128845214844
160,1743766514.0861177,1743766514.0985706,0.012452840805053711
161,1743766514.098606,1743766514.110947,0.012340784072875977
162,1743766514.1109831,1743766514.123243,0.012259960174560547
163,1743766514.123282,1743766514.1358933,0.01261138916015625
164,1743766514.135938,1743766514.1485233,0.01258540153503418
165,1743766514.148572,1743766514.1610022,0.012430191040039062
166,1743766514.1610456,1743766514.1734304,0.012384891510009766
167,1743766514.1734736,1743766514.1859992,0.012525558471679688
168,1743766514.186062,1743766514.1988232,0.012761116027832031
169,1743766514.1988714,1743766514.2114196,0.012548208236694336
170,1743766514.211463,1743766514.22418,0.012717008590698242
171,1743766514.224231,1743766514.2370527,0.012821674346923828
172,1743766514.2370977,1743766514.2495964,0.012498617172241211
173,1743766514.2496586,1743766514.262204,0.012545347213745117
174,1743766514.2622592,1743766514.2746902,0.012430906295776367
175,1743766514.2747295,1743766514.2872667,0.012537240982055664
176,1743766514.2873101,1743766514.299688,0.01237797737121582
177,1743766514.2997277,1743766514.3121316,0.01240396499633789
178,1743766514.312181,1743766514.3247595,0.012578487396240234
179,1743766514.3247993,1743766514.3377829,0.012983560562133789
180,1743766514.3378344,1743766514.3504913,0.012656927108764648
181,1743766514.350536,1743766514.3630953,0.012559175491333008
182,1743766514.36313,1743766514.3753526,0.012222528457641602
183,1743766514.375384,1743766514.3876069,0.012222766876220703
184,1743766514.387636,1743766514.3999364,0.012300491333007812
185,1743766514.3999636,1743766514.4124193,0.01245570182800293
186,1743766514.4124546,1743766514.424691,0.012236356735229492
187,1743766514.4247239,1743766514.4369304,0.012206554412841797
188,1743766514.4369597,1743766514.4492295,0.012269735336303711
189,1743766514.4492588,1743766514.461445,0.012186288833618164
190,1743766514.4614758,1743766514.4738421,0.012366294860839844
191,1743766514.4738703,1743766514.4867058,0.012835502624511719
192,1743766514.486797,1743766514.4995046,0.01270747184753418
193,1743766514.499541,1743766514.511907,0.012366056442260742
194,1743766514.5119421,1743766514.524285,0.01234292984008789
195,1743766514.5243223,1743766514.5365329,0.012210607528686523
196,1743766514.5365715,1743766514.5489497,0.012378215789794922
197,1743766514.5489874,1743766514.5611682,0.012180805206298828
198,1743766514.561204,1743766514.5742142,0.013010263442993164
199,1743766514.5743058,1743766514.5873573,0.013051509857177734
200,1743766514.5874543,1743766514.600688,0.013233661651611328
201,1743766514.6007843,1743766514.614061,0.013276815414428711
202,1743766514.6141708,1743766514.6271744,0.01300358772277832
203,1743766514.6272707,1743766514.64041,0.01313924789428711
204,1743766514.6405072,1743766514.653784,0.013276815414428711
205,1743766514.6538875,1743766514.667066,0.013178586959838867
206,1743766514.6671722,1743766514.6805973,0.013425111770629883
207,1743766514.6806917,1743766514.6935942,0.012902498245239258
208,1743766514.693736,1743766514.706857,0.013120889663696289
209,1743766514.7069492,1743766514.719811,0.01286172866821289
210,1743766514.7199013,1743766514.7330198,0.013118505477905273
211,1743766514.7331097,1743766514.7464156,0.013305902481079102
212,1743766514.7465026,1743766514.7593696,0.012866973876953125
213,1743766514.759459,1743766514.7725184,0.013059377670288086
214,1743766514.772634,1743766514.7855332,0.012899160385131836
215,1743766514.7856245,1743766514.7985039,0.012879371643066406
216,1743766514.7985938,1743766514.8114436,0.012849807739257812
217,1743766514.8115335,1743766514.8244648,0.012931346893310547
218,1743766514.8245575,1743766514.8377476,0.013190031051635742
219,1743766514.8378575,1743766514.8515618,0.013704299926757812
220,1743766514.8516526,1743766514.8647974,0.013144731521606445
221,1743766514.864886,1743766514.878197,0.013310909271240234
222,1743766514.8782868,1743766514.891509,0.013222217559814453
223,1743766514.8915994,1743766514.9048204,0.013221025466918945
224,1743766514.9049337,1743766514.9181707,0.01323699951171875
225,1743766514.9182599,1743766514.931305,0.013045072555541992
226,1743766514.9313936,1743766514.9443984,0.013004779815673828
227,1743766514.9444869,1743766514.9574707,0.01298379898071289
228,1743766514.9575572,1743766514.970838,0.013280868530273438
229,1743766514.9709256,1743766514.9838655,0.012939929962158203
230,1743766514.983952,1743766514.997174,0.013221979141235352
231,1743766514.9972606,1743766515.0104358,0.013175249099731445
232,1743766515.010554,1743766515.0232737,0.01271963119506836
233,1743766515.0233293,1743766515.0363767,0.013047456741333008
234,1743766515.036432,1743766515.0490968,0.012664794921875
235,1743766515.0491729,1743766515.0616689,0.012495994567871094
236,1743766515.0617518,1743766515.0742662,0.012514352798461914
237,1743766515.0743225,1743766515.0877876,0.013465166091918945
238,1743766515.087877,1743766515.101417,0.013540029525756836
239,1743766515.1015108,1743766515.1147728,0.013262033462524414
240,1743766515.1148658,1743766515.1283514,0.01348567008972168
241,1743766515.1284442,1743766515.1419697,0.01352548599243164
242,1743766515.142064,1743766515.1550815,0.013017416000366211
243,1743766515.1551716,1743766515.1685631,0.013391494750976562
244,1743766515.1686351,1743766515.1819148,0.01327967643737793
245,1743766515.1820145,1743766515.1952055,0.013190984725952148
246,1743766515.1953,1743766515.2085433,0.01324319839477539
247,1743766515.2086644,1743766515.221738,0.01307368278503418
248,1743766515.2218323,1743766515.234996,0.01316380500793457
249,1743766515.2350872,1743766515.2480683,0.012981176376342773
250,1743766515.248164,1743766515.2612205,0.013056516647338867
251,1743766515.26128,1743766515.2739367,0.012656688690185547
252,1743766515.2739694,1743766515.2868204,0.01285099983215332
253,1743766515.2869139,1743766515.3004358,0.013521909713745117
254,1743766515.3005266,1743766515.3136177,0.013091087341308594
255,1743766515.3137696,1743766515.3267105,0.01294088363647461
256,1743766515.3268018,1743766515.3398466,0.01304483413696289
257,1743766515.3399396,1743766515.3528895,0.012949943542480469
258,1743766515.3529825,1743766515.3658378,0.012855291366577148
259,1743766515.365877,1743766515.37805,0.012173175811767578
260,1743766515.3780816,1743766515.3907404,0.012658834457397461
261,1743766515.3907704,1743766515.4033077,0.012537240982055664
262,1743766515.4033344,1743766515.415516,0.012181520462036133
263,1743766515.4155467,1743766515.4284935,0.012946844100952148
264,1743766515.4285889,1743766515.441668,0.013079166412353516
265,1743766515.441808,1743766515.454864,0.013056039810180664
266,1743766515.4549584,1743766515.467748,0.012789487838745117
267,1743766515.4678428,1743766515.4806776,0.012834787368774414
268,1743766515.4807713,1743766515.4938657,0.013094425201416016
269,1743766515.4939618,1743766515.5070207,0.013058900833129883
270,1743766515.507114,1743766515.5202007,0.013086795806884766
271,1743766515.5203075,1743766515.5336556,0.013348102569580078
272,1743766515.5337856,1743766515.5467453,0.012959718704223633
273,1743766515.5468743,1743766515.5605447,0.01367044448852539
274,1743766515.5606449,1743766515.5736687,0.013023853302001953
275,1743766515.5738137,1743766515.586911,0.013097286224365234
276,1743766515.587037,1743766515.6001902,0.013153076171875
277,1743766515.6002824,1743766515.6131842,0.012901782989501953
278,1743766515.613273,1743766515.6265504,0.013277530670166016
279,1743766515.6266387,1743766515.6396582,0.013019561767578125
280,1743766515.6397452,1743766515.65301,0.013264656066894531
281,1743766515.6531043,1743766515.666315,0.013210773468017578
282,1743766515.6664069,1743766515.6792738,0.012866973876953125
283,1743766515.679365,1743766515.6926076,0.013242721557617188
284,1743766515.692698,1743766515.7058098,0.01311182975769043
285,1743766515.7058992,1743766515.7188895,0.012990236282348633
286,1743766515.7189767,1743766515.73191,0.01293325424194336
287,1743766515.731998,1743766515.744998,0.013000011444091797
288,1743766515.7451234,1743766515.758255,0.01313161849975586
289,1743766515.758342,1743766515.7712607,0.012918710708618164
290,1743766515.771348,1743766515.7844665,0.013118505477905273
291,1743766515.7845542,1743766515.7978575,0.013303279876708984
292,1743766515.7979734,1743766515.810883,0.012909650802612305
293,1743766515.8109806,1743766515.8242195,0.013238906860351562
294,1743766515.8243139,1743766515.837403,0.013089179992675781
295,1743766515.837492,1743766515.8505034,0.013011455535888672
296,1743766515.850595,1743766515.8633926,0.01279759407043457
297,1743766515.8634818,1743766515.8763256,0.012843847274780273
298,1743766515.8764143,1743766515.8894475,0.013033151626586914
299,1743766515.8895388,1743766515.9025404,0.013001680374145508
300,1743766515.9026585,1743766515.9156985,0.01304006576538086
301,1743766515.9157853,1743766515.9290595,0.013274192810058594
302,1743766515.929148,1743766515.9421535,0.013005495071411133
303,1743766515.9422429,1743766515.9556355,0.01339268684387207
304,1743766515.955722,1743766515.9693542,0.013632059097290039
305,1743766515.9694452,1743766515.9824533,0.01300811767578125
306,1743766515.9825416,1743766515.9955022,0.012960672378540039
307,1743766515.9955912,1743766516.0088198,0.013228654861450195
308,1743766516.008928,1743766516.0221732,0.013245105743408203
309,1743766516.0222673,1743766516.0354643,0.013196945190429688
310,1743766516.0355806,1743766516.0488772,0.01329660415649414
311,1743766516.0490224,1743766516.0626962,0.013673782348632812
312,1743766516.0628102,1743766516.0760922,0.013282060623168945
313,1743766516.0761986,1743766516.0898454,0.013646841049194336
314,1743766516.089938,1743766516.1042826,0.01434469223022461
315,1743766516.1043775,1743766516.1177704,0.013392925262451172
316,1743766516.1178617,1743766516.1309745,0.013112783432006836
317,1743766516.131066,1743766516.1442618,0.01319575309753418
318,1743766516.144354,1743766516.157529,0.013175010681152344
319,1743766516.1576228,1743766516.170861,0.013238191604614258
320,1743766516.1709516,1743766516.1840649,0.013113260269165039
321,1743766516.1841557,1743766516.1980765,0.013920783996582031
322,1743766516.1981676,1743766516.2116506,0.013483047485351562
323,1743766516.2117395,1743766516.2254782,0.013738632202148438
324,1743766516.2255716,1743766516.238964,0.013392448425292969
325,1743766516.239055,1743766516.2521775,0.01312255859375
326,1743766516.2522926,1743766516.2658613,0.013568639755249023
327,1743766516.265987,1743766516.2788727,0.012885808944702148
328,1743766516.278903,1743766516.2913601,0.012457132339477539
329,1743766516.291391,1743766516.3036788,0.01228785514831543
330,1743766516.3037062,1743766516.316871,0.013164758682250977
331,1743766516.3169627,1743766516.330401,0.013438224792480469
332,1743766516.3304925,1743766516.3436701,0.013177633285522461
333,1743766516.3438013,1743766516.35725,0.013448715209960938
334,1743766516.3572915,1743766516.3699403,0.012648820877075195
335,1743766516.3699813,1743766516.382115,0.012133598327636719
336,1743766516.382146,1743766516.394346,0.012200117111206055
337,1743766516.3943768,1743766516.4067602,0.012383460998535156
338,1743766516.4068515,1743766516.4198635,0.013011932373046875
339,1743766516.4199548,1743766516.4327967,0.012841939926147461
340,1743766516.4328856,1743766516.4462013,0.013315677642822266
341,1743766516.4463212,1743766516.4595628,0.01324152946472168
342,1743766516.4596498,1743766516.4726126,0.012962818145751953
343,1743766516.4727023,1743766516.4861777,0.013475418090820312
344,1743766516.486267,1743766516.4995198,0.013252735137939453
345,1743766516.4996412,1743766516.5125945,0.01295328140258789
346,1743766516.5126822,1743766516.5257864,0.01310420036315918
347,1743766516.5258744,1743766516.5389109,0.013036489486694336
348,1743766516.5390306,1743766516.5521026,0.013072013854980469
349,1743766516.5521913,1743766516.5653417,0.013150453567504883
350,1743766516.565435,1743766516.579265,0.013830184936523438
351,1743766516.5793555,1743766516.5940857,0.014730215072631836
352,1743766516.5941758,1743766516.6072764,0.013100624084472656
353,1743766516.6073682,1743766516.620984,0.013615846633911133
354,1743766516.6210735,1743766516.6342645,0.013190984725952148
355,1743766516.6343558,1743766516.6476197,0.013263940811157227
356,1743766516.6477199,1743766516.660926,0.013206243515014648
357,1743766516.6610212,1743766516.6742246,0.01320338249206543
358,1743766516.6743147,1743766516.6875772,0.013262510299682617
359,1743766516.687666,1743766516.7006423,0.012976408004760742
360,1743766516.700713,1743766516.7135692,0.012856245040893555
361,1743766516.7136345,1743766516.7267656,0.013131141662597656
362,1743766516.7268393,1743766516.7399588,0.01311945915222168
363,1743766516.7400641,1743766516.7532547,0.013190507888793945
364,1743766516.7533984,1743766516.7667475,0.013349056243896484
365,1743766516.766843,1743766516.7799914,0.013148307800292969
366,1743766516.7800994,1743766516.7931511,0.013051748275756836
367,1743766516.793269,1743766516.8065681,0.013299226760864258
368,1743766516.8066585,1743766516.8198476,0.013189077377319336
369,1743766516.8199441,1743766516.832975,0.013030767440795898
370,1743766516.8330839,1743766516.8460808,0.012996912002563477
371,1743766516.8461607,1743766516.8591695,0.013008832931518555
372,1743766516.8592339,1743766516.871724,0.012490034103393555
373,1743766516.8717763,1743766516.884523,0.012746572494506836
374,1743766516.8845642,1743766516.89706,0.012495756149291992
375,1743766516.8970954,1743766516.909413,0.012317657470703125
376,1743766516.9094567,1743766516.9221244,0.012667655944824219
377,1743766516.9222138,1743766516.9349427,0.01272892951965332
378,1743766516.9350052,1743766516.9479632,0.012958049774169922
379,1743766516.9480522,1743766516.9610023,0.01295018196105957
380,1743766516.961109,1743766516.974183,0.013074159622192383
381,1743766516.9742599,1743766516.987294,0.01303410530090332
382,1743766516.9873936,1743766517.0005662,0.013172626495361328
383,1743766517.000653,1743766517.0140119,0.013358831405639648
384,1743766517.0140982,1743766517.0271358,0.013037681579589844
385,1743766517.0271747,1743766517.0396385,0.012463808059692383
386,1743766517.039676,1743766517.0519075,0.012231588363647461
387,1743766517.0519443,1743766517.0641546,0.012210369110107422
388,1743766517.0641882,1743766517.076753,0.012564659118652344
389,1743766517.0768278,1743766517.0897794,0.01295161247253418
390,1743766517.0898612,1743766517.1027968,0.012935638427734375
391,1743766517.102888,1743766517.1169684,0.014080286026000977
392,1743766517.1170583,1743766517.1305718,0.013513565063476562
393,1743766517.130662,1743766517.144417,0.013755083084106445
394,1743766517.1445167,1743766517.1577053,0.013188600540161133
395,1743766517.1578064,1743766517.1709478,0.013141393661499023
396,1743766517.171063,1743766517.1842308,0.013167858123779297
397,1743766517.1843417,1743766517.1975288,0.013187170028686523
398,1743766517.19762,1743766517.2106338,0.013013839721679688
399,1743766517.210669,1743766517.223068,0.012398958206176758
400,1743766517.2231061,1743766517.2355168,0.012410640716552734
401,1743766517.2355537,1743766517.2479455,0.012391805648803711
402,1743766517.2479746,1743766517.2600613,0.012086629867553711
403,1743766517.26009,1743766517.2725675,0.012477397918701172
404,1743766517.272594,1743766517.284809,0.012215137481689453
405,1743766517.2848358,1743766517.2970018,0.012166023254394531
406,1743766517.2970278,1743766517.3090773,0.012049436569213867
407,1743766517.3091028,1743766517.3211513,0.012048482894897461
408,1743766517.3211794,1743766517.3333528,0.01217341423034668
409,1743766517.3333793,1743766517.3455808,0.012201547622680664
410,1743766517.3456178,1743766517.3579981,0.012380361557006836
411,1743766517.358036,1743766517.3705413,0.012505292892456055
412,1743766517.3705802,1743766517.3828695,0.012289285659790039
413,1743766517.3829138,1743766517.3955603,0.01264643669128418
414,1743766517.3955996,1743766517.4080203,0.012420654296875
415,1743766517.40805,1743766517.4202838,0.012233734130859375
416,1743766517.4203105,1743766517.4323752,0.012064695358276367
417,1743766517.4324014,1743766517.4445941,0.012192726135253906
418,1743766517.4446235,1743766517.456912,0.012288570404052734
419,1743766517.4569392,1743766517.4691005,0.0121612548828125
420,1743766517.4691262,1743766517.4812472,0.012120962142944336
421,1743766517.4812732,1743766517.4936113,0.01233816146850586
422,1743766517.493636,1743766517.505771,0.012135028839111328
423,1743766517.5057967,1743766517.518298,0.012501239776611328
424,1743766517.518321,1743766517.5305564,0.012235403060913086
425,1743766517.5305815,1743766517.542776,0.012194633483886719
426,1743766517.5428004,1743766517.5549142,0.012113809585571289
427,1743766517.554941,1743766517.5670023,0.012061357498168945
428,1743766517.5670269,1743766517.5791562,0.01212930679321289
429,1743766517.5791805,1743766517.5912974,0.01211690902709961
430,1743766517.5913222,1743766517.6035054,0.012183189392089844
431,1743766517.6035292,1743766517.6158507,0.01232147216796875
432,1743766517.615879,1743766517.6280148,0.012135744094848633
433,1743766517.6280546,1743766517.6408176,0.012763023376464844
434,1743766517.6408541,1743766517.653115,0.012260913848876953
435,1743766517.6531436,1743766517.6653068,0.012163162231445312
436,1743766517.6653335,1743766517.6774504,0.01211690902709961
437,1743766517.6774778,1743766517.6896238,0.01214599609375
438,1743766517.6896484,1743766517.7019217,0.012273311614990234
439,1743766517.701948,1743766517.7141106,0.01216268539428711
440,1743766517.7141364,1743766517.726745,0.012608528137207031
441,1743766517.7268443,1743766517.7399797,0.013135433197021484
442,1743766517.7400737,1743766517.7529874,0.012913703918457031
443,1743766517.7530725,1743766517.7664192,0.013346672058105469
444,1743766517.766511,1743766517.779537,0.013025999069213867
445,1743766517.779628,1743766517.7926536,0.013025522232055664
446,1743766517.792741,1743766517.8056362,0.01289510726928711
447,1743766517.8057518,1743766517.8185441,0.012792348861694336
448,1743766517.8186336,1743766517.8317823,0.013148784637451172
449,1743766517.8318803,1743766517.8450544,0.013174057006835938
450,1743766517.845151,1743766517.8583202,0.013169288635253906
451,1743766517.85842,1743766517.8716247,0.013204813003540039
452,1743766517.871726,1743766517.8846645,0.012938499450683594
453,1743766517.8847623,1743766517.8982832,0.013520956039428711
454,1743766517.8984184,1743766517.9115613,0.013142824172973633
455,1743766517.911655,1743766517.924736,0.013081073760986328
456,1743766517.9248245,1743766517.9379041,0.013079643249511719
457,1743766517.93802,1743766517.9508748,0.012854814529418945
458,1743766517.9509635,1743766517.964184,0.013220548629760742
459,1743766517.9642746,1743766517.9781773,0.013902664184570312
460,1743766517.9782689,1743766517.991276,0.013007164001464844
461,1743766517.9913652,1743766518.0046573,0.013292074203491211
462,1743766518.0047553,1743766518.0176458,0.01289057731628418
463,1743766518.0177884,1743766518.0309327,0.013144254684448242
464,1743766518.030965,1743766518.0433333,0.012368202209472656
465,1743766518.0433807,1743766518.0556154,0.012234687805175781
466,1743766518.05566,1743766518.068248,0.012588024139404297
467,1743766518.0683773,1743766518.081664,0.013286828994750977
468,1743766518.0818348,1743766518.0948567,0.01302194595336914
469,1743766518.0949185,1743766518.107657,0.012738466262817383
470,1743766518.10775,1743766518.1208904,0.013140439987182617
471,1743766518.120983,1743766518.1349397,0.013956785202026367
472,1743766518.1350322,1743766518.1484659,0.013433694839477539
473,1743766518.1485872,1743766518.1621835,0.013596296310424805
474,1743766518.1622722,1743766518.175492,0.013219833374023438
475,1743766518.1755805,1743766518.1885526,0.012972116470336914
476,1743766518.1886446,1743766518.2017672,0.01312255859375
477,1743766518.2018576,1743766518.2150645,0.013206958770751953
478,1743766518.2151735,1743766518.228432,0.01325845718383789
479,1743766518.2285202,1743766518.241187,0.012666940689086914
480,1743766518.241223,1743766518.253464,0.012240886688232422
481,1743766518.253507,1743766518.265994,0.012487173080444336
482,1743766518.266042,1743766518.2784014,0.012359380722045898
483,1743766518.2784414,1743766518.2913373,0.012895822525024414
484,1743766518.2913718,1743766518.3038633,0.012491464614868164
485,1743766518.303902,1743766518.316105,0.012202978134155273
486,1743766518.3161397,1743766518.3283422,0.01220250129699707
487,1743766518.3283749,1743766518.340522,0.012147188186645508
488,1743766518.3405545,1743766518.353006,0.012451410293579102
489,1743766518.3530374,1743766518.3653781,0.012340784072875977
490,1743766518.3654096,1743766518.3776848,0.012275218963623047
491,1743766518.3777127,1743766518.3899975,0.01228475570678711
492,1743766518.3900232,1743766518.402052,0.012028694152832031
493,1743766518.4020767,1743766518.4148548,0.012778043746948242
494,1743766518.4149456,1743766518.4280019,0.013056278228759766
495,1743766518.4280937,1743766518.4412017,0.013108015060424805
496,1743766518.4412932,1743766518.454255,0.012961864471435547
497,1743766518.4543467,1743766518.4671874,0.012840747833251953
498,1743766518.46728,1743766518.4803925,0.013112545013427734
499,1743766518.480483,1743766518.4935396,0.013056516647338867
500,1743766518.4936318,1743766518.5067966,0.013164758682250977
501,1743766518.5068903,1743766518.5200531,0.013162851333618164
502,1743766518.520146,1743766518.533018,0.01287221908569336
503,1743766518.5331156,1743766518.546673,0.01355743408203125
504,1743766518.5468016,1743766518.5599422,0.013140678405761719
505,1743766518.5600374,1743766518.5731351,0.013097763061523438
506,1743766518.573225,1743766518.5864632,0.013238191604614258
507,1743766518.5865545,1743766518.5994334,0.012878894805908203
508,1743766518.5995238,1743766518.6126263,0.013102531433105469
509,1743766518.6127536,1743766518.6306908,0.017937183380126953
510,1743766518.6308148,1743766518.6440513,0.013236522674560547
511,1743766518.6441548,1743766518.6575184,0.01336359977722168
512,1743766518.657623,1743766518.6712592,0.013636112213134766
513,1743766518.671354,1743766518.684914,0.013560056686401367
514,1743766518.6850119,1743766518.6982803,0.013268470764160156
515,1743766518.6983836,1743766518.711457,0.013073444366455078
516,1743766518.7115486,1743766518.7244098,0.012861251831054688
517,1743766518.7245,1743766518.7373536,0.012853622436523438
518,1743766518.7374434,1743766518.7506766,0.013233184814453125
519,1743766518.7507644,1743766518.7637637,0.012999296188354492
520,1743766518.7638533,1743766518.776793,0.012939691543579102
521,1743766518.7769067,1743766518.790117,0.013210296630859375
522,1743766518.7902033,1743766518.8031213,0.01291799545288086
523,1743766518.8032093,1743766518.8164532,0.013243913650512695
524,1743766518.8165565,1743766518.8299189,0.013362407684326172
525,1743766518.830061,1743766518.8435538,0.013492822647094727
526,1743766518.8436546,1743766518.8569818,0.01332712173461914
527,1743766518.8570936,1743766518.870273,0.013179540634155273
528,1743766518.870371,1743766518.8833842,0.013013124465942383
529,1743766518.8834774,1743766518.896342,0.01286458969116211
530,1743766518.896433,1743766518.9094179,0.012984752655029297
531,1743766518.9095094,1743766518.9225702,0.013060808181762695
532,1743766518.9226606,1743766518.935632,0.01297140121459961
533,1743766518.935734,1743766518.9488018,0.01306772232055664
534,1743766518.9488935,1743766518.96252,0.013626337051391602
535,1743766518.9626098,1743766518.9760733,0.013463497161865234
536,1743766518.9761627,1743766518.9895184,0.013355731964111328
537,1743766518.9896069,1743766519.0029306,0.013323783874511719
538,1743766519.0030196,1743766519.0160692,0.013049602508544922
539,1743766519.016173,1743766519.0290926,0.01291966438293457
540,1743766519.0291464,1743766519.0416684,0.012521982192993164
541,1743766519.0417533,1743766519.0547454,0.012992143630981445
542,1743766519.054843,1743766519.0674396,0.012596607208251953
543,1743766519.0674977,1743766519.080284,0.012786388397216797
544,1743766519.0803387,1743766519.0933268,0.012988090515136719
545,1743766519.0934186,1743766519.1064653,0.013046741485595703
546,1743766519.1065562,1743766519.1195896,0.013033390045166016
547,1743766519.1196804,1743766519.132718,0.013037681579589844
548,1743766519.132811,1743766519.1466997,0.01388859748840332
549,1743766519.1467905,1743766519.1601174,0.013326883316040039
550,1743766519.1602128,1743766519.1735792,0.013366460800170898
551,1743766519.173737,1743766519.187126,0.013388872146606445
552,1743766519.1872153,1743766519.2001636,0.012948274612426758
553,1743766519.2002542,1743766519.2134426,0.013188362121582031
554,1743766519.2135358,1743766519.226753,0.01321721076965332
555,1743766519.2268577,1743766519.23978,0.012922286987304688
556,1743766519.2398882,1743766519.2527966,0.012908458709716797
557,1743766519.2528825,1743766519.2659097,0.013027191162109375
558,1743766519.2659998,1743766519.2792082,0.013208389282226562
559,1743766519.2792976,1743766519.2923405,0.013042926788330078
560,1743766519.2924256,1743766519.3056266,0.013200998306274414
561,1743766519.305774,1743766519.3189516,0.013177633285522461
562,1743766519.3190422,1743766519.33211,0.01306772232055664
563,1743766519.332208,1743766519.3454747,0.013266801834106445
564,1743766519.3455706,1743766519.3583853,0.012814760208129883
565,1743766519.3584201,1743766519.370732,0.012311935424804688
566,1743766519.3707633,1743766519.3830543,0.01229095458984375
567,1743766519.3830824,1743766519.3952663,0.012183904647827148
568,1743766519.3952942,1743766519.4074934,0.012199163436889648
569,1743766519.4075346,1743766519.4197104,0.012175798416137695
570,1743766519.4197438,1743766519.432042,0.012298107147216797
571,1743766519.4320717,1743766519.4443772,0.012305498123168945
572,1743766519.4444056,1743766519.4564352,0.012029647827148438
573,1743766519.4564629,1743766519.4687474,0.012284517288208008
574,1743766519.4687753,1743766519.4810762,0.012300968170166016
575,1743766519.4811015,1743766519.4933143,0.012212753295898438
576,1743766519.4933407,1743766519.5054517,0.01211094856262207
577,1743766519.5054781,1743766519.5176587,0.012180566787719727
578,1743766519.5177064,1743766519.5302396,0.012533187866210938
579,1743766519.5302708,1743766519.5425057,0.012234926223754883
580,1743766519.5425348,1743766519.5547998,0.01226496696472168
581,1743766519.554832,1743766519.5672631,0.012431144714355469
582,1743766519.5672932,1743766519.5794864,0.01219320297241211
583,1743766519.5795147,1743766519.591812,0.01229715347290039
584,1743766519.5918388,1743766519.6041903,0.012351512908935547
585,1743766519.6042197,1743766519.6164594,0.012239694595336914
586,1743766519.6164875,1743766519.6285253,0.01203775405883789
587,1743766519.6285534,1743766519.6410503,0.0124969482421875
588,1743766519.641138,1743766519.6541548,0.013016700744628906
589,1743766519.6542416,1743766519.6672912,0.013049602508544922
590,1743766519.6673777,1743766519.680341,0.012963294982910156
591,1743766519.6804264,1743766519.6934705,0.013044118881225586
592,1743766519.693575,1743766519.7064707,0.012895822525024414
593,1743766519.7065616,1743766519.7208972,0.01433563232421875
594,1743766519.7209868,1743766519.7344532,0.013466358184814453
595,1743766519.734553,1743766519.747474,0.012920856475830078
596,1743766519.747564,1743766519.7604313,0.012867212295532227
597,1743766519.760523,1743766519.773371,0.012847900390625
598,1743766519.7734585,1743766519.7865145,0.013056039810180664
599,1743766519.7866023,1743766519.7997806,0.013178348541259766
600,1743766519.799898,1743766519.813281,0.013383150100708008
601,1743766519.813373,1743766519.8267407,0.013367652893066406
602,1743766519.8268564,1743766519.8400233,0.01316690444946289
603,1743766519.8401294,1743766519.8533368,0.013207435607910156
604,1743766519.8534248,1743766519.8664944,0.013069629669189453
605,1743766519.8665855,1743766519.8796089,0.01302337646484375
606,1743766519.8796973,1743766519.8926995,0.013002157211303711
607,1743766519.8927844,1743766519.9057074,0.012923002243041992
608,1743766519.9057944,1743766519.918811,0.013016700744628906
609,1743766519.9189045,1743766519.932294,0.013389348983764648
610,1743766519.932383,1743766519.945587,0.013203859329223633
611,1743766519.945723,1743766519.958727,0.013003826141357422
612,1743766519.9588137,1743766519.9722693,0.013455629348754883
613,1743766519.9723554,1743766519.9855325,0.013177156448364258
614,1743766519.9856188,1743766519.9987094,0.01309061050415039
615,1743766519.9987955,1743766520.0117617,0.012966156005859375
616,1743766520.0118494,1743766520.0250406,0.01319122314453125
617,1743766520.0251086,1743766520.0378013,0.012692689895629883
618,1743766520.0378928,1743766520.0507107,0.012817859649658203
619,1743766520.050791,1743766520.063779,0.012988090515136719
620,1743766520.0638494,1743766520.076922,0.013072490692138672
621,1743766520.0770175,1743766520.0901937,0.013176202774047852
622,1743766520.090272,1743766520.103171,0.012899160385131836
623,1743766520.103302,1743766520.1172612,0.013959169387817383
624,1743766520.117354,1743766520.130863,0.013509035110473633
625,1743766520.130962,1743766520.1441028,0.01314091682434082
626,1743766520.1441953,1743766520.15803,0.013834714889526367
627,1743766520.1581237,1743766520.1716843,0.01356053352355957
628,1743766520.1717746,1743766520.1851585,0.013383865356445312
629,1743766520.1852462,1743766520.198486,0.013239860534667969
630,1743766520.1985767,1743766520.2125528,0.013976097106933594
631,1743766520.2126648,1743766520.2259786,0.013313770294189453
632,1743766520.2260687,1743766520.2390492,0.012980461120605469
633,1743766520.2391372,1743766520.2524385,0.013301372528076172
634,1743766520.252526,1743766520.265778,0.013252019882202148
635,1743766520.2658653,1743766520.2793884,0.013523101806640625
636,1743766520.2795293,1743766520.2928762,0.01334691047668457
637,1743766520.2929785,1743766520.306168,0.013189554214477539
638,1743766520.3062654,1743766520.3192632,0.012997865676879883
639,1743766520.3192952,1743766520.3317282,0.012433052062988281
640,1743766520.3317556,1743766520.3445983,0.012842655181884766
641,1743766520.3446896,1743766520.3574796,0.01278996467590332
642,1743766520.3575048,1743766520.3699481,0.012443304061889648
643,1743766520.3700454,1743766520.3831444,0.013098955154418945
644,1743766520.3832347,1743766520.3964446,0.013209819793701172
645,1743766520.3965352,1743766520.409529,0.012993812561035156
646,1743766520.4096177,1743766520.4224913,0.012873649597167969
647,1743766520.4225807,1743766520.435431,0.012850284576416016
648,1743766520.4355233,1743766520.4484553,0.012932062149047852
649,1743766520.4485478,1743766520.4617581,0.013210296630859375
650,1743766520.46185,1743766520.4749982,0.013148307800292969
651,1743766520.4750905,1743766520.4884765,0.013386011123657227
652,1743766520.4885716,1743766520.5015936,0.01302194595336914
653,1743766520.5017338,1743766520.5147696,0.013035774230957031
654,1743766520.5148604,1743766520.5279386,0.01307821273803711
655,1743766520.5280306,1743766520.5410793,0.013048648834228516
656,1743766520.5411718,1743766520.5541737,0.01300191879272461
657,1743766520.5542645,1743766520.5671566,0.012892007827758789
658,1743766520.5672562,1743766520.5804331,0.013176918029785156
659,1743766520.580524,1743766520.5937839,0.0132598876953125
660,1743766520.5938742,1743766520.606997,0.013122797012329102
661,1743766520.6070871,1743766520.6203496,0.013262510299682617
662,1743766520.6204407,1743766520.6333332,0.012892484664916992
663,1743766520.6333919,1743766520.646282,0.012890100479125977
664,1743766520.646344,1743766520.6591938,0.012849807739257812
665,1743766520.6592603,1743766520.671779,0.012518644332885742
666,1743766520.6718385,1743766520.6844037,0.012565135955810547
667,1743766520.6844635,1743766520.6971807,0.012717247009277344
668,1743766520.697271,1743766520.710416,0.013144969940185547
669,1743766520.7105057,1743766520.723659,0.013153314590454102
670,1743766520.723746,1743766520.7367513,0.013005256652832031
671,1743766520.7368383,1743766520.7499666,0.013128280639648438
672,1743766520.7500544,1743766520.7630143,0.012959957122802734
673,1743766520.7631073,1743766520.7763119,0.013204574584960938
674,1743766520.7763994,1743766520.7894347,0.013035297393798828
675,1743766520.7895243,1743766520.8025708,0.013046503067016602
676,1743766520.8026843,1743766520.815496,0.012811660766601562
677,1743766520.8155868,1743766520.8285654,0.012978553771972656
678,1743766520.8286543,1743766520.8417974,0.013143062591552734
679,1743766520.841913,1743766520.8552759,0.013362884521484375
680,1743766520.855367,1743766520.8684967,0.013129711151123047
681,1743766520.868584,1743766520.8816314,0.013047456741333008
682,1743766520.8817449,1743766520.894688,0.012943029403686523
683,1743766520.8947783,1743766520.9080997,0.013321399688720703
684,1743766520.9081905,1743766520.921467,0.01327657699584961
685,1743766520.9215555,1743766520.9345124,0.012956857681274414
686,1743766520.934599,1743766520.9475017,0.01290273666381836
687,1743766520.9475884,1743766520.9603987,0.012810230255126953
688,1743766520.960484,1743766520.974067,0.013582944869995117
689,1743766520.9741588,1743766520.9876432,0.013484477996826172
690,1743766520.9877305,1743766521.0006988,0.012968301773071289
691,1743766521.0007865,1743766521.0138748,0.013088226318359375
692,1743766521.0139623,1743766521.0269806,0.013018369674682617
693,1743766521.0270672,1743766521.040125,0.013057708740234375
694,1743766521.0402174,1743766521.0533636,0.013146162033081055
695,1743766521.0534642,1743766521.0666256,0.013161420822143555
696,1743766521.0667198,1743766521.0797188,0.01299905776977539
697,1743766521.0798168,1743766521.0927358,0.012918949127197266
698,1743766521.0928402,1743766521.1058025,0.01296234130859375
699,1743766521.105893,1743766521.1189766,0.013083696365356445
700,1743766521.119072,1743766521.1323056,0.013233661651611328
701,1743766521.1324165,1743766521.1458733,0.01345682144165039
702,1743766521.1459792,1743766521.1590028,0.013023614883422852
703,1743766521.1590984,1743766521.1737838,0.014685392379760742
704,1743766521.1738868,1743766521.1874402,0.013553380966186523
705,1743766521.1875634,1743766521.2010934,0.01353001594543457
706,1743766521.2011843,1743766521.2153416,0.014157295227050781
707,1743766521.215433,1743766521.2289178,0.013484954833984375
708,1743766521.229014,1743766521.2423797,0.013365745544433594
709,1743766521.242505,1743766521.255944,0.013438940048217773
710,1743766521.2560334,1743766521.269376,0.013342618942260742
711,1743766521.269464,1743766521.282835,0.013370990753173828
712,1743766521.282951,1743766521.2963862,0.013435125350952148
713,1743766521.2965505,1743766521.3101156,0.0135650634765625
714,1743766521.3102188,1743766521.3235085,0.013289690017700195
715,1743766521.323603,1743766521.336791,0.01318812370300293
716,1743766521.3368819,1743766521.350233,0.013351202011108398
717,1743766521.3503265,1743766521.363127,0.012800455093383789
718,1743766521.363162,1743766521.3754292,0.012267112731933594
719,1743766521.3754606,1743766521.3878238,0.012363195419311523
720,1743766521.387853,1743766521.4002051,0.012352228164672852
721,1743766521.4002326,1743766521.4126294,0.012396812438964844
722,1743766521.4126568,1743766521.4247649,0.012108087539672852
723,1743766521.42479,1743766521.4371612,0.012371301651000977
724,1743766521.4371865,1743766521.4495394,0.012352943420410156
725,1743766521.4495647,1743766521.461872,0.012307405471801758
726,1743766521.4619136,1743766521.4740565,0.01214289665222168
727,1743766521.4740856,1743766521.486274,0.012188434600830078
728,1743766521.4863038,1743766521.4986455,0.012341737747192383
729,1743766521.4986742,1743766521.5110872,0.01241302490234375
730,1743766521.5111146,1743766521.5234466,0.012331962585449219
731,1743766521.5234733,1743766521.5358543,0.01238107681274414
732,1743766521.535881,1743766521.5484228,0.012541770935058594
733,1743766521.5485132,1743766521.561632,0.013118743896484375
734,1743766521.5617447,1743766521.5749538,0.013209104537963867
735,1743766521.5750437,1743766521.5880578,0.013014078140258789
736,1743766521.5881476,1743766521.6009684,0.012820720672607422
737,1743766521.6010554,1743766521.6140172,0.012961864471435547
738,1743766521.614103,1743766521.627048,0.012944936752319336
739,1743766521.6271424,1743766521.6401222,0.012979745864868164
740,1743766521.6402085,1743766521.6532063,0.012997865676879883
741,1743766521.6532936,1743766521.666367,0.013073444366455078
742,1743766521.6664548,1743766521.6793647,0.012909889221191406
743,1743766521.6794527,1743766521.6931326,0.013679981231689453
744,1743766521.6932526,1743766521.7063365,0.013083934783935547
745,1743766521.7064238,1743766521.719276,0.012852191925048828
746,1743766521.7193663,1743766521.7323167,0.012950420379638672
747,1743766521.732406,1743766521.7453775,0.012971639633178711
748,1743766521.745471,1743766521.7585878,0.013116836547851562
749,1743766521.7586758,1743766521.771752,0.013076305389404297
750,1743766521.771843,1743766521.7850394,0.013196468353271484
751,1743766521.7851455,1743766521.7982876,0.013142108917236328
752,1743766521.7983754,1743766521.8112,0.012824535369873047
753,1743766521.8112874,1743766521.8245978,0.013310432434082031
754,1743766521.8246856,1743766521.8377295,0.013043880462646484
755,1743766521.8378193,1743766521.850889,0.013069629669189453
756,1743766521.8509755,1743766521.8637965,0.012820959091186523
757,1743766521.8638856,1743766521.8767164,0.012830734252929688
758,1743766521.8768032,1743766521.8897827,0.012979507446289062
759,1743766521.8898692,1743766521.90274,0.01287078857421875
760,1743766521.9028282,1743766521.9159417,0.01311349868774414
761,1743766521.9160376,1743766521.9291937,0.01315617561340332
762,1743766521.9292815,1743766521.9422479,0.012966394424438477
763,1743766521.9423335,1743766521.9557047,0.01337122917175293
764,1743766521.9557915,1743766521.9687924,0.013000965118408203
765,1743766521.9688792,1743766521.9819262,0.013046979904174805
766,1743766521.9820147,1743766521.9951098,0.01309514045715332
767,1743766521.9952204,1743766522.0080416,0.012821197509765625
768,1743766522.0081258,1743766522.0212715,0.013145685195922852
769,1743766522.0213044,1743766522.0335805,0.012276172637939453
770,1743766522.0336113,1743766522.0460026,0.012391328811645508
771,1743766522.0460393,1743766522.0584016,0.012362241744995117
772,1743766522.0584362,1743766522.070562,0.012125730514526367
773,1743766522.0705945,1743766522.0831409,0.012546300888061523
774,1743766522.0831733,1743766522.0955937,0.012420415878295898
775,1743766522.095639,1743766522.1079082,0.012269258499145508
776,1743766522.1079464,1743766522.12014,0.012193679809570312
777,1743766522.120176,1743766522.1324668,0.012290716171264648
778,1743766522.1325057,1743766522.144886,0.012380361557006836
779,1743766522.1449218,1743766522.1574357,0.012513875961303711
780,1743766522.1575286,1743766522.1706092,0.013080596923828125
781,1743766522.1707003,1743766522.1844916,0.013791322708129883
782,1743766522.1845849,1743766522.198336,0.013751029968261719
783,1743766522.1984248,1743766522.2121763,0.013751506805419922
784,1743766522.2122138,1743766522.2249153,0.01270151138305664
785,1743766522.2249548,1743766522.2372432,0.012288331985473633
786,1743766522.2372825,1743766522.2496507,0.012368202209472656
787,1743766522.2496977,1743766522.2620025,0.01230478286743164
788,1743766522.262034,1743766522.2744942,0.01246023178100586
789,1743766522.2745235,1743766522.2869143,0.012390851974487305
790,1743766522.2869627,1743766522.2996342,0.012671470642089844
791,1743766522.2996805,1743766522.312326,0.012645483016967773
792,1743766522.3123624,1743766522.3247216,0.012359142303466797
793,1743766522.3247588,1743766522.3375034,0.012744665145874023
794,1743766522.3375385,1743766522.3499138,0.012375354766845703
795,1743766522.3499506,1743766522.3621619,0.012211322784423828
796,1743766522.362193,1743766522.3743572,0.012164115905761719
797,1743766522.3743885,1743766522.3864603,0.012071847915649414
798,1743766522.386485,1743766522.3987918,0.012306690216064453
799,1743766522.3988302,1743766522.4111316,0.012301445007324219
800,1743766522.4111645,1743766522.423396,0.012231588363647461
801,1743766522.4234278,1743766522.4357247,0.012296915054321289
802,1743766522.4357538,1743766522.4480002,0.012246370315551758
803,1743766522.4480267,1743766522.4604957,0.012469053268432617
804,1743766522.4605176,1743766522.4727423,0.012224674224853516
805,1743766522.4727645,1743766522.4849,0.012135505676269531
806,1743766522.4849253,1743766522.497122,0.012196779251098633
807,1743766522.4971523,1743766522.509258,0.012105703353881836
808,1743766522.5092869,1743766522.5215466,0.012259721755981445
809,1743766522.5215745,1743766522.5337353,0.012160778045654297
810,1743766522.533762,1743766522.5464435,0.01268148422241211
811,1743766522.54653,1743766522.5596187,0.013088703155517578
812,1743766522.5597055,1743766522.572749,0.013043403625488281
813,1743766522.572837,1743766522.5863388,0.013501644134521484
814,1743766522.5864236,1743766522.599605,0.013181447982788086
815,1743766522.5996904,1743766522.6126952,0.013004779815673828
816,1743766522.612818,1743766522.6257977,0.012979745864868164
817,1743766522.6259177,1743766522.638867,0.012949228286743164
818,1743766522.6389625,1743766522.6523998,0.013437271118164062
819,1743766522.6525526,1743766522.6664965,0.013943910598754883
820,1743766522.6665928,1743766522.6797168,0.01312398910522461
821,1743766522.6798296,1743766522.692881,0.013051509857177734
822,1743766522.692966,1743766522.7060044,0.013038396835327148
823,1743766522.7061222,1743766522.7196646,0.013542413711547852
824,1743766522.7197518,1743766522.732889,0.013137102127075195
825,1743766522.7329874,1743766522.745972,0.012984514236450195
826,1743766522.7460585,1743766522.7587717,0.012713193893432617
827,1743766522.7588558,1743766522.7717695,0.012913703918457031
828,1743766522.7718544,1743766522.7848349,0.012980461120605469
829,1743766522.7849212,1743766522.797904,0.012982845306396484
830,1743766522.7979953,1743766522.810861,0.012865781784057617
831,1743766522.8109472,1743766522.8242671,0.013319969177246094
832,1743766522.8243532,1743766522.8373783,0.013025045394897461
833,1743766522.8374639,1743766522.8508532,0.013389348983764648
834,1743766522.8509822,1743766522.8642719,0.013289690017700195
835,1743766522.8643694,1743766522.8773208,0.012951374053955078
836,1743766522.8774111,1743766522.8904366,0.013025522232055664
837,1743766522.8905272,1743766522.9033928,0.012865543365478516
838,1743766522.9034827,1743766522.9165046,0.01302194595336914
839,1743766522.916593,1743766522.9295204,0.01292729377746582
840,1743766522.929607,1743766522.9424973,0.012890338897705078
841,1743766522.9425843,1743766522.9558723,0.013288021087646484
842,1743766522.9559584,1743766522.9687917,0.012833356857299805
843,1743766522.9689028,1743766522.9827123,0.013809442520141602
844,1743766522.9827976,1743766522.9960117,0.013214111328125
845,1743766522.9961019,1743766523.0091982,0.013096332550048828
846,1743766523.0092843,1743766523.0222385,0.012954235076904297
847,1743766523.0223231,1743766523.0352736,0.012950420379638672
848,1743766523.0353613,1743766523.0485022,0.01314091682434082
849,1743766523.0485976,1743766523.0617535,0.013155937194824219
850,1743766523.0618541,1743766523.0748956,0.013041496276855469
851,1743766523.0749867,1743766523.0882504,0.013263702392578125
852,1743766523.0883398,1743766523.1013534,0.013013601303100586
853,1743766523.1014435,1743766523.1149187,0.013475179672241211
854,1743766523.115006,1743766523.1282144,0.013208389282226562
855,1743766523.1283035,1743766523.1412954,0.012991905212402344
856,1743766523.1413882,1743766523.154414,0.013025760650634766
857,1743766523.154503,1743766523.1674454,0.012942314147949219
858,1743766523.1675303,1743766523.1807528,0.013222455978393555
859,1743766523.1808374,1743766523.1939023,0.013064861297607422
860,1743766523.1939955,1743766523.2078927,0.013897180557250977
861,1743766523.2080243,1743766523.222211,0.014186620712280273
862,1743766523.2223022,1743766523.2355459,0.013243675231933594
863,1743766523.2355816,1743766523.2486143,0.013032674789428711
864,1743766523.2486467,1743766523.2612164,0.012569665908813477
865,1743766523.2612429,1743766523.2735868,0.012343883514404297
866,1743766523.2736118,1743766523.2858555,0.01224374771118164
867,1743766523.285882,1743766523.2984223,0.012540340423583984
868,1743766523.298486,1743766523.3113954,0.012909412384033203
869,1743766523.3114817,1743766523.3245547,0.013072967529296875
870,1743766523.3246474,1743766523.3377547,0.0131072998046875
871,1743766523.3378847,1743766523.351189,0.01330423355102539
872,1743766523.351279,1743766523.3640523,0.012773275375366211
873,1743766523.3640757,1743766523.376919,0.01284337043762207
874,1743766523.377044,1743766523.3902326,0.013188600540161133
875,1743766523.390323,1743766523.4042015,0.013878583908081055
876,1743766523.4042945,1743766523.4173226,0.013028144836425781
877,1743766523.4174118,1743766523.4303877,0.012975931167602539
878,1743766523.4304764,1743766523.4435744,0.013098001480102539
879,1743766523.443667,1743766523.4569213,0.013254404067993164
880,1743766523.4570143,1743766523.470126,0.013111591339111328
881,1743766523.4702125,1743766523.4834692,0.01325678825378418
882,1743766523.483556,1743766523.496855,0.013298988342285156
883,1743766523.4969695,1743766523.510578,0.013608455657958984
884,1743766523.5106893,1743766523.524001,0.013311624526977539
885,1743766523.5241358,1743766523.5374398,0.013303995132446289
886,1743766523.5375798,1743766523.5506463,0.013066530227661133
887,1743766523.5507329,1743766523.5636315,0.012898683547973633
888,1743766523.5637276,1743766523.5765646,0.012836933135986328
889,1743766523.576631,1743766523.5895102,0.012879133224487305
890,1743766523.5896072,1743766523.6024275,0.012820243835449219
891,1743766523.6024985,1743766523.6156926,0.013194084167480469
892,1743766523.6157615,1743766523.628575,0.012813568115234375
893,1743766523.6286736,1743766523.6619473,0.03327369689941406
894,1743766523.662015,1743766523.6749053,0.012890338897705078
895,1743766523.674961,1743766523.6877527,0.012791633605957031
896,1743766523.6878502,1743766523.7008846,0.013034343719482422
897,1743766523.7009807,1743766523.714088,0.0131072998046875
898,1743766523.714191,1743766523.7273161,0.013125181198120117
899,1743766523.7274075,1743766523.7404335,0.013025999069213867
900,1743766523.7405632,1743766523.753791,0.01322793960571289
901,1743766523.7538862,1743766523.7672513,0.013365030288696289
902,1743766523.7673595,1743766523.7805347,0.013175249099731445
903,1743766523.7806325,1743766523.7941346,0.013502120971679688
904,1743766523.7942648,1743766523.8074603,0.013195514678955078
905,1743766523.8075547,1743766523.8204956,0.01294088363647461
906,1743766523.8205993,1743766523.833633,0.013033628463745117
907,1743766523.8338082,1743766523.8469317,0.013123512268066406
908,1743766523.8470402,1743766523.860508,0.013467788696289062
909,1743766523.8606477,1743766523.873939,0.013291358947753906
910,1743766523.8740313,1743766523.8869495,0.012918233871459961
911,1743766523.8870442,1743766523.9007916,0.013747453689575195
912,1743766523.9008827,1743766523.913925,0.013042211532592773
913,1743766523.9140112,1743766523.9276218,0.013610601425170898
914,1743766523.9277902,1743766523.9413464,0.013556241989135742
915,1743766523.9415102,1743766523.9545808,0.01307058334350586
916,1743766523.9546783,1743766523.9682894,0.013611078262329102
917,1743766523.9683733,1743766523.9817243,0.013350963592529297
918,1743766523.9817996,1743766523.9952707,0.013471126556396484
919,1743766523.9953296,1743766524.0080233,0.012693643569946289
920,1743766524.0080812,1743766524.0205972,0.012516021728515625
921,1743766524.020656,1743766524.0336301,0.012974023818969727
922,1743766524.033715,1743766524.0463061,0.012591123580932617
923,1743766524.0463548,1743766524.059225,0.012870311737060547
924,1743766524.0592713,1743766524.0719585,0.012687206268310547
925,1743766524.0720046,1743766524.0845668,0.012562274932861328
926,1743766524.0846183,1743766524.0971491,0.012530803680419922
927,1743766524.0972214,1743766524.1096597,0.012438297271728516
928,1743766524.1097324,1743766524.1222458,0.012513399124145508
929,1743766524.1222966,1743766524.1347857,0.012489080429077148
930,1743766524.1348333,1743766524.1472073,0.012373924255371094
931,1743766524.1472592,1743766524.1602306,0.01297140121459961
932,1743766524.1602724,1743766524.1727085,0.012436151504516602
933,1743766524.172757,1743766524.1855116,0.012754678726196289
934,1743766524.1855533,1743766524.1980095,0.012456178665161133
935,1743766524.1980462,1743766524.211123,0.0130767822265625
936,1743766524.2111692,1743766524.2246578,0.013488531112670898
937,1743766524.2247107,1743766524.2375827,0.012871980667114258
938,1743766524.2376251,1743766524.2502449,0.012619733810424805
939,1743766524.2502944,1743766524.2628748,0.012580394744873047
940,1743766524.2629263,1743766524.2753534,0.012427091598510742
941,1743766524.2754,1743766524.2882872,0.012887239456176758
942,1743766524.288335,1743766524.3030298,0.014694690704345703
943,1743766524.303077,1743766524.3162432,0.013166189193725586
944,1743766524.316288,1743766524.328798,0.012510061264038086
945,1743766524.3288293,1743766524.3413086,0.012479305267333984
946,1743766524.3413908,1743766524.3540788,0.012687921524047852
947,1743766524.3541408,1743766524.3665543,0.012413501739501953
948,1743766524.366587,1743766524.3787932,0.012206315994262695
949,1743766524.3788261,1743766524.3909502,0.012124061584472656
950,1743766524.3909793,1743766524.40308,0.012100696563720703
951,1743766524.4031105,1743766524.4157722,0.01266169548034668
952,1743766524.4158018,1743766524.428206,0.012404203414916992
953,1743766524.4282405,1743766524.4409878,0.01274728775024414
954,1743766524.4410183,1743766524.453293,0.012274742126464844
955,1743766524.4533234,1743766524.4655461,0.012222766876220703
956,1743766524.4655762,1743766524.4776912,0.012115001678466797
957,1743766524.4777203,1743766524.4899771,0.012256860733032227
958,1743766524.4900143,1743766524.5023754,0.01236104965209961
959,1743766524.502405,1743766524.5146322,0.012227296829223633
960,1743766524.5146601,1743766524.5267942,0.012134075164794922
961,1743766524.5268216,1743766524.5395162,0.012694597244262695
962,1743766524.5395436,1743766524.5517938,0.012250185012817383
963,1743766524.5518188,1743766524.5644472,0.012628316879272461
964,1743766524.5644727,1743766524.5767457,0.012273073196411133
965,1743766524.5767694,1743766524.5888715,0.012102127075195312
966,1743766524.5888953,1743766524.6009877,0.012092351913452148
967,1743766524.6010122,1743766524.6138115,0.012799263000488281
968,1743766524.6138985,1743766524.6268158,0.012917280197143555
969,1743766524.626903,1743766524.639902,0.01299905776977539
970,1743766524.6399899,1743766524.6528938,0.012903928756713867
971,1743766524.653009,1743766524.6672037,0.014194726943969727
972,1743766524.6673005,1743766524.6804197,0.013119220733642578
973,1743766524.6805196,1743766524.6939354,0.013415813446044922
974,1743766524.694024,1743766524.7073913,0.013367176055908203
975,1743766524.707481,1743766524.7203414,0.012860536575317383
976,1743766524.720437,1743766524.7333186,0.01288151741027832
977,1743766524.7334087,1743766524.7463934,0.012984752655029297
978,1743766524.7464824,1743766524.7595963,0.013113975524902344
979,1743766524.7597163,1743766524.7727206,0.013004302978515625
980,1743766524.7728097,1743766524.7856677,0.012857913970947266
981,1743766524.785805,1743766524.799001,0.013195991516113281
982,1743766524.7990868,1743766524.8122377,0.013150930404663086
983,1743766524.8123546,1743766524.8257477,0.013393163681030273
984,1743766524.825838,1743766524.8388731,0.013035058975219727
985,1743766524.8389597,1743766524.8518853,0.01292562484741211
986,1743766524.851978,1743766524.8649848,0.01300668716430664
987,1743766524.865101,1743766524.8782845,0.013183355331420898
988,1743766524.878375,1743766524.891655,0.013279914855957031
989,1743766524.8917441,1743766524.9047554,0.01301121711730957
990,1743766524.9048486,1743766524.918014,0.013165473937988281
991,1743766524.9181378,1743766524.9312358,0.013098001480102539
992,1743766524.9312754,1743766524.9440424,0.01276707649230957
993,1743766524.9441497,1743766524.9576073,0.013457536697387695
994,1743766524.9577947,1743766524.9708166,0.01302194595336914
995,1743766524.9709067,1743766524.9845855,0.013678789138793945
996,1743766524.9846733,1743766524.997772,0.013098716735839844
997,1743766524.9979172,1743766525.0115187,0.013601541519165039
998,1743766525.0116239,1743766525.0248294,0.013205528259277344
999,1743766525.0249298,1743766525.0381188,0.013189077377319336
